koefisien maksimum 0.7
jumlah cluster: 17

cluster 1 
jumlah anggota: 7 
------------------
43, A, Y, Y, Y, L, T, G, Y, Y, Y, WL, Y, WL, Y, R
14, B, T, Y, T, L, T, G, Y, Y, Y, WL, Y, WL, Y, R
35, B, Y, Y, Y, L, C, G, Y, Y, Y, WL, Y, WL, Y, R
47, B, Y, Y, Y, L, T, G, Y, T, Y, WL, Y, WM, Y, R
6, B, Y, Y, Y, L, T, G, Y, Y, Y, WL, Y, WL, Y, R
24, A, Y, Y, Y, L, T, G, Y, Y, Y, WL, Y, WL, Y, R
41, B, T, Y, Y, L, T, G, Y, Y, Y, WL, Y, WL, T, R
centroid: ['B', 'Y', 'Y', 'Y', 'L', 'T', 'G', 'Y', 'Y', 'Y', 'WL', 'Y', 'WL', 'Y', 'R']
------------------

cluster 2 
jumlah anggota: 4 
------------------
36, B, Y, Y, Y, L, T, G, T, T, T, WM, T, WL, Y, Q
44, C, Y, Y, Y, L, T, G, T, T, T, WL, T, WL, Y, R
42, B, Y, Y, Y, I, T, G, T, Y, T, WM, T, WL, Y, R
33, B, Y, Y, Y, L, T, G, T, T, T, WM, T, WL, Y, R
centroid: ['B', 'Y', 'Y', 'Y', 'L', 'T', 'G', 'T', 'T', 'T', 'WM', 'T', 'WL', 'Y', 'R']
------------------

cluster 3 
jumlah anggota: 1 
------------------
13, B, T, Y, T, I, T, K, Y, Y, Y, WL, Y, WL, Y, Q
centroid: ['B', 'T', 'Y', 'T', 'I', 'T', 'K', 'Y', 'Y', 'Y', 'WL', 'Y', 'WL', 'Y', 'Q']
------------------

cluster 4 
jumlah anggota: 1 
------------------
23, B, Y, Y, Y, I, T, G, Y, Y, Y, WL, Y, WM, T, Q
centroid: ['B', 'Y', 'Y', 'Y', 'I', 'T', 'G', 'Y', 'Y', 'Y', 'WL', 'Y', 'WM', 'T', 'Q']
------------------

cluster 5 
jumlah anggota: 1 
------------------
12, A, Y, Y, Y, I, T, G, Y, Y, Y, WM, T, WM, Y, R
centroid: ['A', 'Y', 'Y', 'Y', 'I', 'T', 'G', 'Y', 'Y', 'Y', 'WM', 'T', 'WM', 'Y', 'R']
------------------

cluster 6 
jumlah anggota: 1 
------------------
26, C, Y, Y, Y, L, C, K, Y, Y, T, WL, Y, WM, Y, Q
centroid: ['C', 'Y', 'Y', 'Y', 'L', 'C', 'K', 'Y', 'Y', 'T', 'WL', 'Y', 'WM', 'Y', 'Q']
------------------

cluster 7 
jumlah anggota: 1 
------------------
37, A, T, Y, Y, L, T, G, T, T, T, WL, T, WM, Y, R
centroid: ['A', 'T', 'Y', 'Y', 'L', 'T', 'G', 'T', 'T', 'T', 'WL', 'T', 'WM', 'Y', 'R']
------------------

cluster 8 
jumlah anggota: 3 
------------------
5, B, Y, Y, Y, I, C, G, Y, Y, Y, WM, Y, WL, Y, P
10, B, Y, Y, Y, I, C, G, Y, Y, Y, WM, Y, WL, Y, S
16, B, Y, Y, Y, I, C, G, Y, Y, Y, WL, Y, WM, Y, S
centroid: ['B', 'Y', 'Y', 'Y', 'I', 'C', 'G', 'Y', 'Y', 'Y', 'WM', 'Y', 'WL', 'Y', 'S']
------------------

cluster 9 
jumlah anggota: 3 
------------------
18, A, Y, Y, Y, I, C, G, Y, Y, Y, WL, Y, WL, Y, Q
17, A, Y, Y, T, L, C, G, Y, Y, Y, WL, Y, WL, Y, Q
22, A, Y, Y, Y, I, C, G, Y, Y, Y, WL, Y, WM, Y, Q
centroid: ['A', 'Y', 'Y', 'Y', 'I', 'C', 'G', 'Y', 'Y', 'Y', 'WL', 'Y', 'WL', 'Y', 'Q']
------------------

cluster 10 
jumlah anggota: 2 
------------------
1, B, Y, Y, Y, L, T, G, T, T, Y, WL, Y, WL, Y, S
20, B, Y, Y, Y, L, T, G, T, T, Y, WL, Y, WL, Y, R
centroid: ['B', 'Y', 'Y', 'Y', 'L', 'T', 'G', 'T', 'T', 'Y', 'WL', 'Y', 'WL', 'Y', 'R']
------------------

cluster 11 
jumlah anggota: 3 
------------------
46, B, Y, Y, Y, L, T, K, Y, Y, Y, WL, Y, WL, Y, P
48, B, Y, Y, Y, I, T, K, Y, Y, Y, WM, Y, WL, Y, S
11, B, Y, Y, Y, L, T, K, Y, Y, Y, WM, Y, WL, Y, S
centroid: ['B', 'Y', 'Y', 'Y', 'L', 'T', 'K', 'Y', 'Y', 'Y', 'WM', 'Y', 'WL', 'Y', 'S']
------------------

cluster 12 
jumlah anggota: 12 
------------------
15, A, Y, Y, Y, L, C, K, Y, Y, Y, WL, Y, WL, Y, R
9, A, Y, Y, Y, I, T, K, Y, Y, Y, WL, Y, WL, Y, R
3, A, Y, Y, Y, L, C, K, Y, Y, Y, WL, Y, WL, Y, R
27, B, Y, Y, Y, L, C, K, Y, Y, Y, WL, Y, WL, Y, R
49, B, Y, Y, Y, I, C, K, Y, Y, Y, WL, Y, WL, Y, R
50, A, Y, Y, Y, L, T, K, Y, Y, Y, WL, Y, WL, Y, Q
21, A, Y, Y, Y, I, T, K, Y, Y, Y, WL, Y, WL, Y, Q
25, B, Y, Y, Y, L, C, K, Y, Y, Y, WL, Y, WL, Y, R
31, A, Y, Y, Y, L, C, G, Y, Y, Y, WM, Y, WL, T, R
32, A, Y, Y, Y, L, C, K, Y, Y, T, WL, T, WL, Y, R
30, A, Y, Y, Y, L, C, K, Y, Y, Y, WM, Y, WL, Y, R
45, C, Y, Y, Y, L, C, G, Y, Y, Y, WM, Y, WL, Y, R
centroid: ['A', 'Y', 'Y', 'Y', 'L', 'C', 'K', 'Y', 'Y', 'Y', 'WL', 'Y', 'WL', 'Y', 'R']
------------------

cluster 13 
jumlah anggota: 1 
------------------
34, B, Y, Y, Y, L, C, K, Y, T, T, WL, T, WL, Y, Q
centroid: ['B', 'Y', 'Y', 'Y', 'L', 'C', 'K', 'Y', 'T', 'T', 'WL', 'T', 'WL', 'Y', 'Q']
------------------

cluster 14 
jumlah anggota: 1 
------------------
4, B, Y, Y, Y, L, T, G, T, Y, T, WL, T, WL, Y, P
centroid: ['B', 'Y', 'Y', 'Y', 'L', 'T', 'G', 'T', 'Y', 'T', 'WL', 'T', 'WL', 'Y', 'P']
------------------

cluster 15 
jumlah anggota: 3 
------------------
38, B, Y, Y, Y, L, T, G, Y, T, T, WL, Y, WL, Y, P
39, B, Y, Y, Y, L, T, G, Y, T, T, WL, Y, WL, Y, P
40, B, Y, Y, Y, L, T, G, Y, T, T, WL, Y, WL, Y, P
centroid: ['B', 'Y', 'Y', 'Y', 'L', 'T', 'G', 'Y', 'T', 'T', 'WL', 'Y', 'WL', 'Y', 'P']
------------------

cluster 16 
jumlah anggota: 5 
------------------
8, B, T, Y, Y, I, T, G, Y, Y, Y, WM, Y, WL, Y, P
19, B, Y, Y, Y, I, T, G, Y, Y, Y, WL, Y, WL, Y, P
28, B, T, Y, T, I, T, G, Y, Y, Y, WM, Y, WL, Y, S
7, B, T, Y, Y, I, T, G, Y, Y, Y, WL, Y, WM, Y, P
29, B, T, Y, T, I, T, G, Y, Y, Y, WM, Y, WL, Y, R
centroid: ['B', 'T', 'Y', 'Y', 'I', 'T', 'G', 'Y', 'Y', 'Y', 'WM', 'Y', 'WL', 'Y', 'P']
------------------

cluster 17 
jumlah anggota: 1 
------------------
2, B, T, Y, Y, L, T, K, T, Y, Y, WL, Y, WL, Y, R
centroid: ['B', 'T', 'Y', 'Y', 'L', 'T', 'K', 'T', 'Y', 'Y', 'WL', 'Y', 'WL', 'Y', 'R']
------------------

