koefisien maksimum 0.7
jumlah cluster: 24

cluster 1 
jumlah anggota: 14 
------------------
61, A, Y, Y, Y, I, C, G, Y, Y, Y, WM, Y, WL, Y, S
54, B, Y, Y, Y, L, C, G, Y, Y, Y, WM, Y, WM, Y, P
83, A, Y, Y, Y, I, C, G, Y, Y, Y, WM, Y, WM, Y, S
92, A, Y, Y, Y, I, C, G, Y, Y, Y, WL, Y, WL, Y, R
82, A, Y, Y, Y, I, C, G, Y, T, Y, WM, Y, WL, Y, S
74, A, Y, Y, Y, I, C, K, Y, Y, Y, WM, Y, WL, Y, S
5, B, Y, Y, Y, I, C, G, Y, Y, Y, WM, Y, WL, Y, P
73, B, Y, Y, Y, I, C, G, Y, Y, Y, WM, Y, WL, Y, R
87, A, Y, Y, Y, I, C, G, Y, Y, Y, WM, Y, WL, Y, R
56, A, Y, Y, Y, L, T, G, Y, Y, Y, WM, Y, WM, Y, P
16, B, Y, Y, Y, I, C, G, Y, Y, Y, WL, Y, WM, Y, S
55, A, Y, Y, Y, L, T, G, Y, Y, Y, WM, Y, WM, Y, P
57, A, Y, Y, Y, L, T, G, Y, Y, Y, WM, Y, WM, Y, P
10, B, Y, Y, Y, I, C, G, Y, Y, Y, WM, Y, WL, Y, S
centroid: ['A', 'Y', 'Y', 'Y', 'I', 'C', 'G', 'Y', 'Y', 'Y', 'WM', 'Y', 'WL', 'Y', 'S']
------------------

cluster 2 
jumlah anggota: 3 
------------------
38, B, Y, Y, Y, L, T, G, Y, T, T, WL, Y, WL, Y, P
40, B, Y, Y, Y, L, T, G, Y, T, T, WL, Y, WL, Y, P
39, B, Y, Y, Y, L, T, G, Y, T, T, WL, Y, WL, Y, P
centroid: ['B', 'Y', 'Y', 'Y', 'L', 'T', 'G', 'Y', 'T', 'T', 'WL', 'Y', 'WL', 'Y', 'P']
------------------

cluster 3 
jumlah anggota: 4 
------------------
7, B, T, Y, Y, I, T, G, Y, Y, Y, WL, Y, WM, Y, P
8, B, T, Y, Y, I, T, G, Y, Y, Y, WM, Y, WL, Y, P
28, B, T, Y, T, I, T, G, Y, Y, Y, WM, Y, WL, Y, S
29, B, T, Y, T, I, T, G, Y, Y, Y, WM, Y, WL, Y, R
centroid: ['B', 'T', 'Y', 'T', 'I', 'T', 'G', 'Y', 'Y', 'Y', 'WM', 'Y', 'WL', 'Y', 'P']
------------------

cluster 4 
jumlah anggota: 1 
------------------
93, B, Y, Y, Y, I, C, K, T, Y, T, WL, Y, WL, T, Q
centroid: ['B', 'Y', 'Y', 'Y', 'I', 'C', 'K', 'T', 'Y', 'T', 'WL', 'Y', 'WL', 'T', 'Q']
------------------

cluster 5 
jumlah anggota: 1 
------------------
90, A, Y, Y, Y, L, T, G, Y, Y, T, WM, Y, WL, Y, Q
centroid: ['A', 'Y', 'Y', 'Y', 'L', 'T', 'G', 'Y', 'Y', 'T', 'WM', 'Y', 'WL', 'Y', 'Q']
------------------

cluster 6 
jumlah anggota: 2 
------------------
59, B, Y, Y, Y, I, T, K, Y, T, Y, WL, T, WL, T, R
99, B, Y, Y, Y, I, C, K, Y, T, Y, WL, Y, WL, T, R
centroid: ['B', 'Y', 'Y', 'Y', 'I', 'C', 'K', 'Y', 'T', 'Y', 'WL', 'T', 'WL', 'T', 'R']
------------------

cluster 7 
jumlah anggota: 5 
------------------
89, A, Y, Y, Y, L, C, G, T, T, Y, WL, Y, WL, Y, R
1, B, Y, Y, Y, L, T, G, T, T, Y, WL, Y, WL, Y, S
20, B, Y, Y, Y, L, T, G, T, T, Y, WL, Y, WL, Y, R
58, B, Y, T, Y, L, T, K, T, T, Y, WL, Y, WL, Y, R
53, B, Y, Y, Y, L, T, K, T, T, Y, WL, Y, WL, Y, R
centroid: ['B', 'Y', 'Y', 'Y', 'L', 'T', 'G', 'T', 'T', 'Y', 'WL', 'Y', 'WL', 'Y', 'R']
------------------

cluster 8 
jumlah anggota: 30 
------------------
81, B, Y, Y, Y, I, C, G, Y, Y, Y, WL, Y, WL, Y, R
76, B, Y, Y, Y, I, C, K, Y, Y, Y, WM, T, WL, Y, R
51, B, Y, Y, Y, I, C, K, Y, Y, Y, WM, Y, WL, Y, R
96, B, Y, Y, Y, I, C, G, Y, Y, Y, WL, Y, WL, Y, R
45, C, Y, Y, Y, L, C, G, Y, Y, Y, WM, Y, WL, Y, R
72, A, T, Y, Y, I, T, K, Y, Y, Y, WL, Y, WL, Y, R
75, A, Y, Y, Y, I, C, K, Y, Y, T, WL, T, WM, Y, R
9, A, Y, Y, Y, I, T, K, Y, Y, Y, WL, Y, WL, Y, R
50, A, Y, Y, Y, L, T, K, Y, Y, Y, WL, Y, WL, Y, Q
15, A, Y, Y, Y, L, C, K, Y, Y, Y, WL, Y, WL, Y, R
65, B, Y, Y, Y, I, C, G, Y, Y, Y, WL, Y, WL, Y, R
97, A, Y, Y, Y, I, C, K, Y, Y, Y, WM, Y, WL, T, R
77, B, Y, Y, Y, L, C, G, Y, T, Y, WL, Y, WL, Y, Q
79, B, Y, Y, Y, I, C, K, Y, Y, Y, WL, Y, WL, Y, R
91, C, Y, Y, Y, L, C, K, Y, Y, Y, WL, Y, WL, Y, R
27, B, Y, Y, Y, L, C, K, Y, Y, Y, WL, Y, WL, Y, R
69, A, Y, Y, Y, L, T, K, Y, Y, Y, WL, Y, WL, Y, R
85, B, Y, T, Y, L, C, G, Y, Y, Y, WL, Y, WL, Y, R
25, B, Y, Y, Y, L, C, K, Y, Y, Y, WL, Y, WL, Y, R
21, A, Y, Y, Y, I, T, K, Y, Y, Y, WL, Y, WL, Y, Q
30, A, Y, Y, Y, L, C, K, Y, Y, Y, WM, Y, WL, Y, R
31, A, Y, Y, Y, L, C, G, Y, Y, Y, WM, Y, WL, T, R
64, C, Y, Y, Y, I, C, G, Y, Y, Y, WL, Y, WL, Y, R
32, A, Y, Y, Y, L, C, K, Y, Y, T, WL, T, WL, Y, R
63, B, Y, Y, Y, I, C, K, Y, Y, Y, WL, Y, WM, Y, R
49, B, Y, Y, Y, I, C, K, Y, Y, Y, WL, Y, WL, Y, R
35, B, Y, Y, Y, L, C, G, Y, Y, Y, WL, Y, WL, Y, R
68, B, Y, Y, Y, I, C, K, Y, Y, Y, WL, Y, WL, Y, R
52, A, Y, Y, T, I, C, K, Y, Y, Y, WL, Y, WL, Y, R
3, A, Y, Y, Y, L, C, K, Y, Y, Y, WL, Y, WL, Y, R
centroid: ['B', 'Y', 'Y', 'Y', 'I', 'C', 'K', 'Y', 'Y', 'Y', 'WL', 'Y', 'WL', 'Y', 'R']
------------------

cluster 9 
jumlah anggota: 1 
------------------
12, A, Y, Y, Y, I, T, G, Y, Y, Y, WM, T, WM, Y, R
centroid: ['A', 'Y', 'Y', 'Y', 'I', 'T', 'G', 'Y', 'Y', 'Y', 'WM', 'T', 'WM', 'Y', 'R']
------------------

cluster 10 
jumlah anggota: 10 
------------------
6, B, Y, Y, Y, L, T, G, Y, Y, Y, WL, Y, WL, Y, R
71, B, Y, Y, Y, L, T, G, Y, Y, Y, WL, Y, WL, Y, R
14, B, T, Y, T, L, T, G, Y, Y, Y, WL, Y, WL, Y, R
86, B, T, Y, Y, I, T, G, Y, Y, Y, WL, Y, WL, Y, R
19, B, Y, Y, Y, I, T, G, Y, Y, Y, WL, Y, WL, Y, P
47, B, Y, Y, Y, L, T, G, Y, T, Y, WL, Y, WM, Y, R
43, A, Y, Y, Y, L, T, G, Y, Y, Y, WL, Y, WL, Y, R
66, B, Y, Y, Y, L, T, G, Y, Y, Y, WL, Y, WL, Y, R
24, A, Y, Y, Y, L, T, G, Y, Y, Y, WL, Y, WL, Y, R
41, B, T, Y, Y, L, T, G, Y, Y, Y, WL, Y, WL, T, R
centroid: ['B', 'Y', 'Y', 'Y', 'L', 'T', 'G', 'Y', 'Y', 'Y', 'WL', 'Y', 'WL', 'Y', 'R']
------------------

cluster 11 
jumlah anggota: 1 
------------------
26, C, Y, Y, Y, L, C, K, Y, Y, T, WL, Y, WM, Y, Q
centroid: ['C', 'Y', 'Y', 'Y', 'L', 'C', 'K', 'Y', 'Y', 'T', 'WL', 'Y', 'WM', 'Y', 'Q']
------------------

cluster 12 
jumlah anggota: 6 
------------------
18, A, Y, Y, Y, I, C, G, Y, Y, Y, WL, Y, WL, Y, Q
80, C, Y, Y, Y, I, C, G, Y, Y, Y, WL, Y, WL, Y, S
22, A, Y, Y, Y, I, C, G, Y, Y, Y, WL, Y, WM, Y, Q
70, A, Y, Y, Y, I, C, G, Y, Y, Y, WL, Y, WL, Y, S
17, A, Y, Y, T, L, C, G, Y, Y, Y, WL, Y, WL, Y, Q
95, A, Y, Y, Y, I, C, G, Y, Y, Y, WL, Y, WL, Y, Q
centroid: ['A', 'Y', 'Y', 'Y', 'I', 'C', 'G', 'Y', 'Y', 'Y', 'WL', 'Y', 'WL', 'Y', 'Q']
------------------

cluster 13 
jumlah anggota: 2 
------------------
62, B, Y, Y, Y, L, T, G, T, Y, T, WL, T, WL, Y, P
4, B, Y, Y, Y, L, T, G, T, Y, T, WL, T, WL, Y, P
centroid: ['B', 'Y', 'Y', 'Y', 'L', 'T', 'G', 'T', 'Y', 'T', 'WL', 'T', 'WL', 'Y', 'P']
------------------

cluster 14 
jumlah anggota: 4 
------------------
44, C, Y, Y, Y, L, T, G, T, T, T, WL, T, WL, Y, R
36, B, Y, Y, Y, L, T, G, T, T, T, WM, T, WL, Y, Q
42, B, Y, Y, Y, I, T, G, T, Y, T, WM, T, WL, Y, R
33, B, Y, Y, Y, L, T, G, T, T, T, WM, T, WL, Y, R
centroid: ['B', 'Y', 'Y', 'Y', 'L', 'T', 'G', 'T', 'T', 'T', 'WM', 'T', 'WL', 'Y', 'R']
------------------

cluster 15 
jumlah anggota: 1 
------------------
13, B, T, Y, T, I, T, K, Y, Y, Y, WL, Y, WL, Y, Q
centroid: ['B', 'T', 'Y', 'T', 'I', 'T', 'K', 'Y', 'Y', 'Y', 'WL', 'Y', 'WL', 'Y', 'Q']
------------------

cluster 16 
jumlah anggota: 1 
------------------
100, B, Y, Y, Y, I, T, K, Y, T, T, WL, Y, WM, Y, R
centroid: ['B', 'Y', 'Y', 'Y', 'I', 'T', 'K', 'Y', 'T', 'T', 'WL', 'Y', 'WM', 'Y', 'R']
------------------

cluster 17 
jumlah anggota: 1 
------------------
98, A, T, Y, Y, I, C, K, T, Y, Y, WM, T, WL, T, R
centroid: ['A', 'T', 'Y', 'Y', 'I', 'C', 'K', 'T', 'Y', 'Y', 'WM', 'T', 'WL', 'T', 'R']
------------------

cluster 18 
jumlah anggota: 1 
------------------
23, B, Y, Y, Y, I, T, G, Y, Y, Y, WL, Y, WM, T, Q
centroid: ['B', 'Y', 'Y', 'Y', 'I', 'T', 'G', 'Y', 'Y', 'Y', 'WL', 'Y', 'WM', 'T', 'Q']
------------------

cluster 19 
jumlah anggota: 6 
------------------
67, B, Y, Y, Y, I, T, K, Y, Y, Y, WL, Y, WL, T, S
48, B, Y, Y, Y, I, T, K, Y, Y, Y, WM, Y, WL, Y, S
46, B, Y, Y, Y, L, T, K, Y, Y, Y, WL, Y, WL, Y, P
78, B, Y, Y, Y, L, T, K, Y, Y, Y, WL, T, WL, Y, S
11, B, Y, Y, Y, L, T, K, Y, Y, Y, WM, Y, WL, Y, S
60, B, Y, Y, Y, L, T, K, Y, Y, Y, WM, Y, WL, Y, P
centroid: ['B', 'Y', 'Y', 'Y', 'L', 'T', 'K', 'Y', 'Y', 'Y', 'WL', 'Y', 'WL', 'Y', 'S']
------------------

cluster 20 
jumlah anggota: 2 
------------------
88, B, Y, Y, Y, L, C, G, Y, T, T, WL, T, WL, Y, R
34, B, Y, Y, Y, L, C, K, Y, T, T, WL, T, WL, Y, Q
centroid: ['B', 'Y', 'Y', 'Y', 'L', 'C', 'G', 'Y', 'T', 'T', 'WL', 'T', 'WL', 'Y', 'Q']
------------------

cluster 21 
jumlah anggota: 1 
------------------
2, B, T, Y, Y, L, T, K, T, Y, Y, WL, Y, WL, Y, R
centroid: ['B', 'T', 'Y', 'Y', 'L', 'T', 'K', 'T', 'Y', 'Y', 'WL', 'Y', 'WL', 'Y', 'R']
------------------

cluster 22 
jumlah anggota: 1 
------------------
37, A, T, Y, Y, L, T, G, T, T, T, WL, T, WM, Y, R
centroid: ['A', 'T', 'Y', 'Y', 'L', 'T', 'G', 'T', 'T', 'T', 'WL', 'T', 'WM', 'Y', 'R']
------------------

cluster 23 
jumlah anggota: 1 
------------------
94, A, Y, Y, Y, L, T, K, T, Y, T, WL, T, WL, Y, Q
centroid: ['A', 'Y', 'Y', 'Y', 'L', 'T', 'K', 'T', 'Y', 'T', 'WL', 'T', 'WL', 'Y', 'Q']
------------------

cluster 24 
jumlah anggota: 1 
------------------
84, B, Y, T, Y, I, C, G, T, T, T, WL, T, WL, Y, S
centroid: ['B', 'Y', 'T', 'Y', 'I', 'C', 'G', 'T', 'T', 'T', 'WL', 'T', 'WL', 'Y', 'S']
------------------

