koefisien maksimum 0.7
jumlah cluster: 21

cluster 1 
jumlah anggota: 1 
------------------
2, A, Y, Y, T, I, C, K, Y, Y, Y, WL, Y, WL, Y, R
centroid: ['A', 'Y', 'Y', 'T', 'I', 'C', 'K', 'Y', 'Y', 'Y', 'WL', 'Y', 'WL', 'Y', 'R']
------------------

cluster 2 
jumlah anggota: 1 
------------------
48, A, T, Y, Y, I, C, K, T, Y, Y, WM, T, WL, T, R
centroid: ['A', 'T', 'Y', 'Y', 'I', 'C', 'K', 'T', 'Y', 'Y', 'WM', 'T', 'WL', 'T', 'R']
------------------

cluster 3 
jumlah anggota: 4 
------------------
6, A, Y, Y, Y, L, T, G, Y, Y, Y, WM, Y, WM, Y, P
4, B, Y, Y, Y, L, C, G, Y, Y, Y, WM, Y, WM, Y, P
7, A, Y, Y, Y, L, T, G, Y, Y, Y, WM, Y, WM, Y, P
5, A, Y, Y, Y, L, T, G, Y, Y, Y, WM, Y, WM, Y, P
centroid: ['A', 'Y', 'Y', 'Y', 'L', 'T', 'G', 'Y', 'Y', 'Y', 'WM', 'Y', 'WM', 'Y', 'P']
------------------

cluster 4 
jumlah anggota: 1 
------------------
44, A, Y, Y, Y, L, T, K, T, Y, T, WL, T, WL, Y, Q
centroid: ['A', 'Y', 'Y', 'Y', 'L', 'T', 'K', 'T', 'Y', 'T', 'WL', 'T', 'WL', 'Y', 'Q']
------------------

cluster 5 
jumlah anggota: 1 
------------------
28, B, Y, Y, Y, L, T, K, Y, Y, Y, WL, T, WL, Y, S
centroid: ['B', 'Y', 'Y', 'Y', 'L', 'T', 'K', 'Y', 'Y', 'Y', 'WL', 'T', 'WL', 'Y', 'S']
------------------

cluster 6 
jumlah anggota: 1 
------------------
34, B, Y, T, Y, I, C, G, T, T, T, WL, T, WL, Y, S
centroid: ['B', 'Y', 'T', 'Y', 'I', 'C', 'G', 'T', 'T', 'T', 'WL', 'T', 'WL', 'Y', 'S']
------------------

cluster 7 
jumlah anggota: 10 
------------------
23, B, Y, Y, Y, I, C, G, Y, Y, Y, WM, Y, WL, Y, R
37, A, Y, Y, Y, I, C, G, Y, Y, Y, WM, Y, WL, Y, R
1, B, Y, Y, Y, I, C, K, Y, Y, Y, WM, Y, WL, Y, R
47, A, Y, Y, Y, I, C, K, Y, Y, Y, WM, Y, WL, T, R
29, B, Y, Y, Y, I, C, K, Y, Y, Y, WL, Y, WL, Y, R
18, B, Y, Y, Y, I, C, K, Y, Y, Y, WL, Y, WL, Y, R
26, B, Y, Y, Y, I, C, K, Y, Y, Y, WM, T, WL, Y, R
49, B, Y, Y, Y, I, C, K, Y, T, Y, WL, Y, WL, T, R
13, B, Y, Y, Y, I, C, K, Y, Y, Y, WL, Y, WM, Y, R
41, C, Y, Y, Y, L, C, K, Y, Y, Y, WL, Y, WL, Y, R
centroid: ['B', 'Y', 'Y', 'Y', 'I', 'C', 'K', 'Y', 'Y', 'Y', 'WL', 'Y', 'WL', 'Y', 'R']
------------------

cluster 8 
jumlah anggota: 1 
------------------
9, B, Y, Y, Y, I, T, K, Y, T, Y, WL, T, WL, T, R
centroid: ['B', 'Y', 'Y', 'Y', 'I', 'T', 'K', 'Y', 'T', 'Y', 'WL', 'T', 'WL', 'T', 'R']
------------------

cluster 9 
jumlah anggota: 1 
------------------
25, A, Y, Y, Y, I, C, K, Y, Y, T, WL, T, WM, Y, R
centroid: ['A', 'Y', 'Y', 'Y', 'I', 'C', 'K', 'Y', 'Y', 'T', 'WL', 'T', 'WM', 'Y', 'R']
------------------

cluster 10 
jumlah anggota: 1 
------------------
38, B, Y, Y, Y, L, C, G, Y, T, T, WL, T, WL, Y, R
centroid: ['B', 'Y', 'Y', 'Y', 'L', 'C', 'G', 'Y', 'T', 'T', 'WL', 'T', 'WL', 'Y', 'R']
------------------

cluster 11 
jumlah anggota: 1 
------------------
43, B, Y, Y, Y, I, C, K, T, Y, T, WL, Y, WL, T, Q
centroid: ['B', 'Y', 'Y', 'Y', 'I', 'C', 'K', 'T', 'Y', 'T', 'WL', 'Y', 'WL', 'T', 'Q']
------------------

cluster 12 
jumlah anggota: 1 
------------------
40, A, Y, Y, Y, L, T, G, Y, Y, T, WM, Y, WL, Y, Q
centroid: ['A', 'Y', 'Y', 'Y', 'L', 'T', 'G', 'Y', 'Y', 'T', 'WM', 'Y', 'WL', 'Y', 'Q']
------------------

cluster 13 
jumlah anggota: 1 
------------------
12, B, Y, Y, Y, L, T, G, T, Y, T, WL, T, WL, Y, P
centroid: ['B', 'Y', 'Y', 'Y', 'L', 'T', 'G', 'T', 'Y', 'T', 'WL', 'T', 'WL', 'Y', 'P']
------------------

cluster 14 
jumlah anggota: 1 
------------------
39, A, Y, Y, Y, L, C, G, T, T, Y, WL, Y, WL, Y, R
centroid: ['A', 'Y', 'Y', 'Y', 'L', 'C', 'G', 'T', 'T', 'Y', 'WL', 'Y', 'WL', 'Y', 'R']
------------------

cluster 15 
jumlah anggota: 1 
------------------
27, B, Y, Y, Y, L, C, G, Y, T, Y, WL, Y, WL, Y, Q
centroid: ['B', 'Y', 'Y', 'Y', 'L', 'C', 'G', 'Y', 'T', 'Y', 'WL', 'Y', 'WL', 'Y', 'Q']
------------------

cluster 16 
jumlah anggota: 1 
------------------
17, B, Y, Y, Y, I, T, K, Y, Y, Y, WL, Y, WL, T, S
centroid: ['B', 'Y', 'Y', 'Y', 'I', 'T', 'K', 'Y', 'Y', 'Y', 'WL', 'Y', 'WL', 'T', 'S']
------------------

cluster 17 
jumlah anggota: 1 
------------------
50, B, Y, Y, Y, I, T, K, Y, T, T, WL, Y, WM, Y, R
centroid: ['B', 'Y', 'Y', 'Y', 'I', 'T', 'K', 'Y', 'T', 'T', 'WL', 'Y', 'WM', 'Y', 'R']
------------------

cluster 18 
jumlah anggota: 8 
------------------
33, A, Y, Y, Y, I, C, G, Y, Y, Y, WM, Y, WM, Y, S
42, A, Y, Y, Y, I, C, G, Y, Y, Y, WL, Y, WL, Y, R
20, A, Y, Y, Y, I, C, G, Y, Y, Y, WL, Y, WL, Y, S
30, C, Y, Y, Y, I, C, G, Y, Y, Y, WL, Y, WL, Y, S
11, A, Y, Y, Y, I, C, G, Y, Y, Y, WM, Y, WL, Y, S
45, A, Y, Y, Y, I, C, G, Y, Y, Y, WL, Y, WL, Y, Q
32, A, Y, Y, Y, I, C, G, Y, T, Y, WM, Y, WL, Y, S
24, A, Y, Y, Y, I, C, K, Y, Y, Y, WM, Y, WL, Y, S
centroid: ['A', 'Y', 'Y', 'Y', 'I', 'C', 'G', 'Y', 'Y', 'Y', 'WL', 'Y', 'WL', 'Y', 'S']
------------------

cluster 19 
jumlah anggota: 1 
------------------
10, B, Y, Y, Y, L, T, K, Y, Y, Y, WM, Y, WL, Y, P
centroid: ['B', 'Y', 'Y', 'Y', 'L', 'T', 'K', 'Y', 'Y', 'Y', 'WM', 'Y', 'WL', 'Y', 'P']
------------------

cluster 20 
jumlah anggota: 10 
------------------
36, B, T, Y, Y, I, T, G, Y, Y, Y, WL, Y, WL, Y, R
22, A, T, Y, Y, I, T, K, Y, Y, Y, WL, Y, WL, Y, R
14, C, Y, Y, Y, I, C, G, Y, Y, Y, WL, Y, WL, Y, R
16, B, Y, Y, Y, L, T, G, Y, Y, Y, WL, Y, WL, Y, R
15, B, Y, Y, Y, I, C, G, Y, Y, Y, WL, Y, WL, Y, R
31, B, Y, Y, Y, I, C, G, Y, Y, Y, WL, Y, WL, Y, R
19, A, Y, Y, Y, L, T, K, Y, Y, Y, WL, Y, WL, Y, R
35, B, Y, T, Y, L, C, G, Y, Y, Y, WL, Y, WL, Y, R
46, B, Y, Y, Y, I, C, G, Y, Y, Y, WL, Y, WL, Y, R
21, B, Y, Y, Y, L, T, G, Y, Y, Y, WL, Y, WL, Y, R
centroid: ['B', 'Y', 'Y', 'Y', 'I', 'C', 'G', 'Y', 'Y', 'Y', 'WL', 'Y', 'WL', 'Y', 'R']
------------------

cluster 21 
jumlah anggota: 2 
------------------
3, B, Y, Y, Y, L, T, K, T, T, Y, WL, Y, WL, Y, R
8, B, Y, T, Y, L, T, K, T, T, Y, WL, Y, WL, Y, R
centroid: ['B', 'Y', 'T', 'Y', 'L', 'T', 'K', 'T', 'T', 'Y', 'WL', 'Y', 'WL', 'Y', 'R']
------------------

