koefisien maksimum 0.57
jumlah cluster: 3

cluster 1 
jumlah anggota: 1 
------------------
84, B, Y, T, Y, I, C, G, T, T, T, WL, T, WL, Y, S
centroid: ['B', 'Y', 'T', 'Y', 'I', 'C', 'G', 'T', 'T', 'T', 'WL', 'T', 'WL', 'Y', 'S']
------------------

cluster 2 
jumlah anggota: 17 
------------------
73, B, Y, Y, Y, I, C, G, Y, Y, Y, WM, Y, WL, Y, R
83, A, Y, Y, Y, I, C, G, Y, Y, Y, WM, Y, WM, Y, S
57, A, Y, Y, Y, L, T, G, Y, Y, Y, WM, Y, WM, Y, P
54, B, Y, Y, Y, L, C, G, Y, Y, Y, WM, Y, WM, Y, P
74, A, Y, Y, Y, I, C, K, Y, Y, Y, WM, Y, WL, Y, S
56, A, Y, Y, Y, L, T, G, Y, Y, Y, WM, Y, WM, Y, P
23, B, Y, Y, Y, I, T, G, Y, Y, Y, WL, Y, WM, T, Q
16, B, Y, Y, Y, I, C, G, Y, Y, Y, WL, Y, WM, Y, S
90, A, Y, Y, Y, L, T, G, Y, Y, T, WM, Y, WL, Y, Q
82, A, Y, Y, Y, I, C, G, Y, T, Y, WM, Y, WL, Y, S
61, A, Y, Y, Y, I, C, G, Y, Y, Y, WM, Y, WL, Y, S
55, A, Y, Y, Y, L, T, G, Y, Y, Y, WM, Y, WM, Y, P
5, B, Y, Y, Y, I, C, G, Y, Y, Y, WM, Y, WL, Y, P
70, A, Y, Y, Y, I, C, G, Y, Y, Y, WL, Y, WL, Y, S
87, A, Y, Y, Y, I, C, G, Y, Y, Y, WM, Y, WL, Y, R
80, C, Y, Y, Y, I, C, G, Y, Y, Y, WL, Y, WL, Y, S
10, B, Y, Y, Y, I, C, G, Y, Y, Y, WM, Y, WL, Y, S
centroid: ['A', 'Y', 'Y', 'Y', 'I', 'C', 'G', 'Y', 'Y', 'Y', 'WM', 'Y', 'WL', 'Y', 'S']
------------------

cluster 3 
jumlah anggota: 82 
------------------
13, B, T, Y, T, I, T, K, Y, Y, Y, WL, Y, WL, Y, Q
8, B, T, Y, Y, I, T, G, Y, Y, Y, WM, Y, WL, Y, P
66, B, Y, Y, Y, L, T, G, Y, Y, Y, WL, Y, WL, Y, R
12, A, Y, Y, Y, I, T, G, Y, Y, Y, WM, T, WM, Y, R
30, A, Y, Y, Y, L, C, K, Y, Y, Y, WM, Y, WL, Y, R
22, A, Y, Y, Y, I, C, G, Y, Y, Y, WL, Y, WM, Y, Q
36, B, Y, Y, Y, L, T, G, T, T, T, WM, T, WL, Y, Q
33, B, Y, Y, Y, L, T, G, T, T, T, WM, T, WL, Y, R
96, B, Y, Y, Y, I, C, G, Y, Y, Y, WL, Y, WL, Y, R
79, B, Y, Y, Y, I, C, K, Y, Y, Y, WL, Y, WL, Y, R
3, A, Y, Y, Y, L, C, K, Y, Y, Y, WL, Y, WL, Y, R
34, B, Y, Y, Y, L, C, K, Y, T, T, WL, T, WL, Y, Q
32, A, Y, Y, Y, L, C, K, Y, Y, T, WL, T, WL, Y, R
93, B, Y, Y, Y, I, C, K, T, Y, T, WL, Y, WL, T, Q
29, B, T, Y, T, I, T, G, Y, Y, Y, WM, Y, WL, Y, R
92, A, Y, Y, Y, I, C, G, Y, Y, Y, WL, Y, WL, Y, R
75, A, Y, Y, Y, I, C, K, Y, Y, T, WL, T, WM, Y, R
18, A, Y, Y, Y, I, C, G, Y, Y, Y, WL, Y, WL, Y, Q
25, B, Y, Y, Y, L, C, K, Y, Y, Y, WL, Y, WL, Y, R
14, B, T, Y, T, L, T, G, Y, Y, Y, WL, Y, WL, Y, R
52, A, Y, Y, T, I, C, K, Y, Y, Y, WL, Y, WL, Y, R
53, B, Y, Y, Y, L, T, K, T, T, Y, WL, Y, WL, Y, R
59, B, Y, Y, Y, I, T, K, Y, T, Y, WL, T, WL, T, R
20, B, Y, Y, Y, L, T, G, T, T, Y, WL, Y, WL, Y, R
38, B, Y, Y, Y, L, T, G, Y, T, T, WL, Y, WL, Y, P
44, C, Y, Y, Y, L, T, G, T, T, T, WL, T, WL, Y, R
91, C, Y, Y, Y, L, C, K, Y, Y, Y, WL, Y, WL, Y, R
63, B, Y, Y, Y, I, C, K, Y, Y, Y, WL, Y, WM, Y, R
76, B, Y, Y, Y, I, C, K, Y, Y, Y, WM, T, WL, Y, R
47, B, Y, Y, Y, L, T, G, Y, T, Y, WL, Y, WM, Y, R
35, B, Y, Y, Y, L, C, G, Y, Y, Y, WL, Y, WL, Y, R
45, C, Y, Y, Y, L, C, G, Y, Y, Y, WM, Y, WL, Y, R
26, C, Y, Y, Y, L, C, K, Y, Y, T, WL, Y, WM, Y, Q
65, B, Y, Y, Y, I, C, G, Y, Y, Y, WL, Y, WL, Y, R
2, B, T, Y, Y, L, T, K, T, Y, Y, WL, Y, WL, Y, R
86, B, T, Y, Y, I, T, G, Y, Y, Y, WL, Y, WL, Y, R
37, A, T, Y, Y, L, T, G, T, T, T, WL, T, WM, Y, R
85, B, Y, T, Y, L, C, G, Y, Y, Y, WL, Y, WL, Y, R
9, A, Y, Y, Y, I, T, K, Y, Y, Y, WL, Y, WL, Y, R
43, A, Y, Y, Y, L, T, G, Y, Y, Y, WL, Y, WL, Y, R
24, A, Y, Y, Y, L, T, G, Y, Y, Y, WL, Y, WL, Y, R
97, A, Y, Y, Y, I, C, K, Y, Y, Y, WM, Y, WL, T, R
40, B, Y, Y, Y, L, T, G, Y, T, T, WL, Y, WL, Y, P
28, B, T, Y, T, I, T, G, Y, Y, Y, WM, Y, WL, Y, S
98, A, T, Y, Y, I, C, K, T, Y, Y, WM, T, WL, T, R
11, B, Y, Y, Y, L, T, K, Y, Y, Y, WM, Y, WL, Y, S
89, A, Y, Y, Y, L, C, G, T, T, Y, WL, Y, WL, Y, R
1, B, Y, Y, Y, L, T, G, T, T, Y, WL, Y, WL, Y, S
95, A, Y, Y, Y, I, C, G, Y, Y, Y, WL, Y, WL, Y, Q
17, A, Y, Y, T, L, C, G, Y, Y, Y, WL, Y, WL, Y, Q
100, B, Y, Y, Y, I, T, K, Y, T, T, WL, Y, WM, Y, R
78, B, Y, Y, Y, L, T, K, Y, Y, Y, WL, T, WL, Y, S
99, B, Y, Y, Y, I, C, K, Y, T, Y, WL, Y, WL, T, R
7, B, T, Y, Y, I, T, G, Y, Y, Y, WL, Y, WM, Y, P
4, B, Y, Y, Y, L, T, G, T, Y, T, WL, T, WL, Y, P
46, B, Y, Y, Y, L, T, K, Y, Y, Y, WL, Y, WL, Y, P
64, C, Y, Y, Y, I, C, G, Y, Y, Y, WL, Y, WL, Y, R
62, B, Y, Y, Y, L, T, G, T, Y, T, WL, T, WL, Y, P
60, B, Y, Y, Y, L, T, K, Y, Y, Y, WM, Y, WL, Y, P
48, B, Y, Y, Y, I, T, K, Y, Y, Y, WM, Y, WL, Y, S
27, B, Y, Y, Y, L, C, K, Y, Y, Y, WL, Y, WL, Y, R
71, B, Y, Y, Y, L, T, G, Y, Y, Y, WL, Y, WL, Y, R
39, B, Y, Y, Y, L, T, G, Y, T, T, WL, Y, WL, Y, P
21, A, Y, Y, Y, I, T, K, Y, Y, Y, WL, Y, WL, Y, Q
72, A, T, Y, Y, I, T, K, Y, Y, Y, WL, Y, WL, Y, R
41, B, T, Y, Y, L, T, G, Y, Y, Y, WL, Y, WL, T, R
68, B, Y, Y, Y, I, C, K, Y, Y, Y, WL, Y, WL, Y, R
19, B, Y, Y, Y, I, T, G, Y, Y, Y, WL, Y, WL, Y, P
77, B, Y, Y, Y, L, C, G, Y, T, Y, WL, Y, WL, Y, Q
31, A, Y, Y, Y, L, C, G, Y, Y, Y, WM, Y, WL, T, R
15, A, Y, Y, Y, L, C, K, Y, Y, Y, WL, Y, WL, Y, R
6, B, Y, Y, Y, L, T, G, Y, Y, Y, WL, Y, WL, Y, R
88, B, Y, Y, Y, L, C, G, Y, T, T, WL, T, WL, Y, R
81, B, Y, Y, Y, I, C, G, Y, Y, Y, WL, Y, WL, Y, R
51, B, Y, Y, Y, I, C, K, Y, Y, Y, WM, Y, WL, Y, R
50, A, Y, Y, Y, L, T, K, Y, Y, Y, WL, Y, WL, Y, Q
67, B, Y, Y, Y, I, T, K, Y, Y, Y, WL, Y, WL, T, S
58, B, Y, T, Y, L, T, K, T, T, Y, WL, Y, WL, Y, R
69, A, Y, Y, Y, L, T, K, Y, Y, Y, WL, Y, WL, Y, R
49, B, Y, Y, Y, I, C, K, Y, Y, Y, WL, Y, WL, Y, R
94, A, Y, Y, Y, L, T, K, T, Y, T, WL, T, WL, Y, Q
42, B, Y, Y, Y, I, T, G, T, Y, T, WM, T, WL, Y, R
centroid: ['B', 'Y', 'Y', 'Y', 'L', 'T', 'G', 'Y', 'Y', 'Y', 'WL', 'Y', 'WL', 'Y', 'R']
------------------

