koefisien maksimum 0.57
jumlah cluster: 4

cluster 1 
jumlah anggota: 1 
------------------
34, B, Y, T, Y, I, C, G, T, T, T, WL, T, WL, Y, S
centroid: ['B', 'Y', 'T', 'Y', 'I', 'C', 'G', 'T', 'T', 'T', 'WL', 'T', 'WL', 'Y', 'S']
------------------

cluster 2 
jumlah anggota: 4 
------------------
17, B, Y, Y, Y, I, T, K, Y, Y, Y, WL, Y, WL, T, S
8, B, Y, T, Y, L, T, K, T, T, Y, WL, Y, WL, Y, R
3, B, Y, Y, Y, L, T, K, T, T, Y, WL, Y, WL, Y, R
9, B, Y, Y, Y, I, T, K, Y, T, Y, WL, T, WL, T, R
centroid: ['B', 'Y', 'Y', 'Y', 'I', 'T', 'K', 'T', 'T', 'Y', 'WL', 'Y', 'WL', 'T', 'R']
------------------

cluster 3 
jumlah anggota: 43 
------------------
24, A, Y, Y, Y, I, C, K, Y, Y, Y, WM, Y, WL, Y, S
1, B, Y, Y, Y, I, C, K, Y, Y, Y, WM, Y, WL, Y, R
20, A, Y, Y, Y, I, C, G, Y, Y, Y, WL, Y, WL, Y, S
35, B, Y, T, Y, L, C, G, Y, Y, Y, WL, Y, WL, Y, R
48, A, T, Y, Y, I, C, K, T, Y, Y, WM, T, WL, T, R
31, B, Y, Y, Y, I, C, G, Y, Y, Y, WL, Y, WL, Y, R
18, B, Y, Y, Y, I, C, K, Y, Y, Y, WL, Y, WL, Y, R
5, A, Y, Y, Y, L, T, G, Y, Y, Y, WM, Y, WM, Y, P
4, B, Y, Y, Y, L, C, G, Y, Y, Y, WM, Y, WM, Y, P
10, B, Y, Y, Y, L, T, K, Y, Y, Y, WM, Y, WL, Y, P
22, A, T, Y, Y, I, T, K, Y, Y, Y, WL, Y, WL, Y, R
42, A, Y, Y, Y, I, C, G, Y, Y, Y, WL, Y, WL, Y, R
47, A, Y, Y, Y, I, C, K, Y, Y, Y, WM, Y, WL, T, R
13, B, Y, Y, Y, I, C, K, Y, Y, Y, WL, Y, WM, Y, R
33, A, Y, Y, Y, I, C, G, Y, Y, Y, WM, Y, WM, Y, S
11, A, Y, Y, Y, I, C, G, Y, Y, Y, WM, Y, WL, Y, S
30, C, Y, Y, Y, I, C, G, Y, Y, Y, WL, Y, WL, Y, S
21, B, Y, Y, Y, L, T, G, Y, Y, Y, WL, Y, WL, Y, R
43, B, Y, Y, Y, I, C, K, T, Y, T, WL, Y, WL, T, Q
19, A, Y, Y, Y, L, T, K, Y, Y, Y, WL, Y, WL, Y, R
50, B, Y, Y, Y, I, T, K, Y, T, T, WL, Y, WM, Y, R
15, B, Y, Y, Y, I, C, G, Y, Y, Y, WL, Y, WL, Y, R
45, A, Y, Y, Y, I, C, G, Y, Y, Y, WL, Y, WL, Y, Q
38, B, Y, Y, Y, L, C, G, Y, T, T, WL, T, WL, Y, R
49, B, Y, Y, Y, I, C, K, Y, T, Y, WL, Y, WL, T, R
7, A, Y, Y, Y, L, T, G, Y, Y, Y, WM, Y, WM, Y, P
25, A, Y, Y, Y, I, C, K, Y, Y, T, WL, T, WM, Y, R
41, C, Y, Y, Y, L, C, K, Y, Y, Y, WL, Y, WL, Y, R
29, B, Y, Y, Y, I, C, K, Y, Y, Y, WL, Y, WL, Y, R
14, C, Y, Y, Y, I, C, G, Y, Y, Y, WL, Y, WL, Y, R
28, B, Y, Y, Y, L, T, K, Y, Y, Y, WL, T, WL, Y, S
46, B, Y, Y, Y, I, C, G, Y, Y, Y, WL, Y, WL, Y, R
37, A, Y, Y, Y, I, C, G, Y, Y, Y, WM, Y, WL, Y, R
40, A, Y, Y, Y, L, T, G, Y, Y, T, WM, Y, WL, Y, Q
2, A, Y, Y, T, I, C, K, Y, Y, Y, WL, Y, WL, Y, R
6, A, Y, Y, Y, L, T, G, Y, Y, Y, WM, Y, WM, Y, P
23, B, Y, Y, Y, I, C, G, Y, Y, Y, WM, Y, WL, Y, R
16, B, Y, Y, Y, L, T, G, Y, Y, Y, WL, Y, WL, Y, R
39, A, Y, Y, Y, L, C, G, T, T, Y, WL, Y, WL, Y, R
27, B, Y, Y, Y, L, C, G, Y, T, Y, WL, Y, WL, Y, Q
26, B, Y, Y, Y, I, C, K, Y, Y, Y, WM, T, WL, Y, R
32, A, Y, Y, Y, I, C, G, Y, T, Y, WM, Y, WL, Y, S
36, B, T, Y, Y, I, T, G, Y, Y, Y, WL, Y, WL, Y, R
centroid: ['B', 'Y', 'Y', 'Y', 'I', 'C', 'G', 'Y', 'Y', 'Y', 'WL', 'Y', 'WL', 'Y', 'R']
------------------

cluster 4 
jumlah anggota: 2 
------------------
44, A, Y, Y, Y, L, T, K, T, Y, T, WL, T, WL, Y, Q
12, B, Y, Y, Y, L, T, G, T, Y, T, WL, T, WL, Y, P
centroid: ['A', 'Y', 'Y', 'Y', 'L', 'T', 'G', 'T', 'Y', 'T', 'WL', 'T', 'WL', 'Y', 'P']
------------------

